{
  "project_info": {
    "project_number": "920430371517",
    "firebase_url": "https://aviva-61f91.firebaseio.com",
    "project_id": "aviva-61f91",
    "storage_bucket": "aviva-61f91.appspot.com"
  },
  "client": [
    {
      "client_info": {
        "mobilesdk_app_id": "1:920430371517:android:7a7122a42b9959b8",
        "android_client_info": {
          "package_name": "com.mgs.aviva"
        }
      },
      "oauth_client": [
        {
          "client_id": "920430371517-58qi5rpr8mght728i5ve18jrmf81ppns.apps.googleusercontent.com",
          "client_type": 3
        }
      ],
      "api_key": [
        {
          "current_key": "AIzaSyAlxCx7-df-P2RGXrrY7F_vG3pbmT4sCWA"
        }
      ],
      "services": {
        "analytics_service": {
          "status": 1
        },
        "appinvite_service": {
          "status": 1,
          "other_platform_oauth_client": []
        },
        "ads_service": {
          "status": 2
        }
      }
    }
  ],
  "configuration_version": "1"
}