{
  "project_info": {
    "project_number": "396516160755",
    "firebase_url": "https://aviva-478c2.firebaseio.com",
    "project_id": "aviva-478c2",
    "storage_bucket": "aviva-478c2.appspot.com"
  },
  "client": [
    {
      "client_info": {
        "mobilesdk_app_id": "1:396516160755:android:df911899956412e6ca3386",
        "android_client_info": {
          "package_name": "com.mgs.aviva"
        }
      },
      "oauth_client": [
        {
          "client_id": "396516160755-q9vnpddmfa25mqmouhmfqoolif5pd6ea.apps.googleusercontent.com",
          "client_type": 3
        }
      ],
      "api_key": [
        {
          "current_key": "AIzaSyBDFYWyjT7AqXQHGwtjCNaZjrcADVaab4Y"
        }
      ],
      "services": {
        "appinvite_service": {
          "other_platform_oauth_client": [
            {
              "client_id": "396516160755-q9vnpddmfa25mqmouhmfqoolif5pd6ea.apps.googleusercontent.com",
              "client_type": 3
            }
          ]
        }
      }
    },
    {
      "client_info": {
        "mobilesdk_app_id": "1:396516160755:android:e0ebbed7bf264336ca3386",
        "android_client_info": {
          "package_name": "com.mgs.aviva.dev"
        }
      },
      "oauth_client": [
        {
          "client_id": "396516160755-q9vnpddmfa25mqmouhmfqoolif5pd6ea.apps.googleusercontent.com",
          "client_type": 3
        }
      ],
      "api_key": [
        {
          "current_key": "AIzaSyBDFYWyjT7AqXQHGwtjCNaZjrcADVaab4Y"
        }
      ],
      "services": {
        "appinvite_service": {
          "other_platform_oauth_client": [
            {
              "client_id": "396516160755-q9vnpddmfa25mqmouhmfqoolif5pd6ea.apps.googleusercontent.com",
              "client_type": 3
            }
          ]
        }
      }
    },
    {
      "client_info": {
        "mobilesdk_app_id": "1:396516160755:android:375565ba1dfc5b21ca3386",
        "android_client_info": {
          "package_name": "com.mgs.aviva.test"
        }
      },
      "oauth_client": [
        {
          "client_id": "396516160755-q9vnpddmfa25mqmouhmfqoolif5pd6ea.apps.googleusercontent.com",
          "client_type": 3
        }
      ],
      "api_key": [
        {
          "current_key": "AIzaSyBDFYWyjT7AqXQHGwtjCNaZjrcADVaab4Y"
        }
      ],
      "services": {
        "appinvite_service": {
          "other_platform_oauth_client": [
            {
              "client_id": "396516160755-q9vnpddmfa25mqmouhmfqoolif5pd6ea.apps.googleusercontent.com",
              "client_type": 3
            }
          ]
        }
      }
    }
  ],
  "configuration_version": "1"
}